"Scott Pilgrim's Precious Little Life (Scott Pilgrim #1)",5,£52.29,In stock
"Tsubasa: WoRLD CHRoNiCLE 2 (Tsubasa WoRLD CHRoNiCLE #2)",1,£16.28,In stock
"This One Summer",4,£19.49,In stock
"The Nameless City (The Nameless City #1)",4,£38.16,In stock
"Saga, Volume 5 (Saga (Collected Editions) #5)",2,£51.04,In stock
"Rat Queens, Vol. 3: Demons (Rat Queens (Collected Editions) #11-15)",3,£50.40,In stock
"Princess Jellyfish 2-in-1 Omnibus, Vol. 01 (Princess Jellyfish 2-in-1 Omnibus #1)",5,£13.61,In stock
"Pop Gun War, Volume 1: Gift",1,£18.97,In stock
"Patience",3,£10.16,In stock
"Outcast, Vol. 1: A Darkness Surrounds Him (Outcast #1)",4,£15.44,In stock
"orange: The Complete Collection 1 (orange: The Complete Collection #1)",1,£48.41,In stock
"Lumberjanes, Vol. 2: Friendship to the Max (Lumberjanes #5-8)",2,£46.91,In stock
"Lumberjanes, Vol. 1: Beware the Kitten Holy (Lumberjanes #1-4)",3,£45.61,In stock
"Lumberjanes Vol. 3: A Terrible Plan (Lumberjanes #9-12)",2,£19.92,In stock
"I Hate Fairyland, Vol. 1: Madly Ever After (I Hate Fairyland (Compilations) #1-5)",2,£29.17,In stock
"I am a Hero Omnibus Volume 1",3,£54.63,In stock
"Giant Days, Vol. 2 (Giant Days #5-8)",2,£22.11,In stock
"Danganronpa Volume 1",4,£51.99,In stock
"Codename Baboushka, Volume 1: The Conclave of Death",4,£36.72,In stock
"Camp Midnight",4,£17.08,In stock
"Bitch Planet, Vol. 1: Extraordinary Machine (Bitch Planet (Collected Editions))",2,£37.92,In stock
"The Shadow Hero (The Shadow Hero)",1,£33.14,In stock
"Fables, Vol. 1: Legends in Exile (Fables #1)",4,£41.62,In stock
"Batman: The Long Halloween (Batman)",2,£36.50,In stock
"Batman: The Dark Knight Returns (Batman)",5,£15.38,In stock
"Wonder Woman: Earth One, Volume One (Wonder Woman: Earth One #1)",4,£37.34,In stock
"We Are Robin, Vol. 1: The Vigilante Business (We Are Robin #1)",1,£53.90,In stock
"Through the Woods",2,£25.38,In stock
"Superman Vol. 1: Before Truth (Superman by Gene Luen Yang #1)",5,£11.89,In stock
"So Cute It Hurts!!, Vol. 6 (So Cute It Hurts!! #6)",4,£35.43,In stock
"Robin War",3,£47.82,In stock
"Red Hood/Arsenal, Vol. 1: Open for Business (Red Hood/Arsenal #1)",2,£25.48,In stock
"Naruto (3-in-1 Edition), Vol. 14: Includes Vols. 40, 41 & 42 (Naruto: Omnibus #14)",2,£38.39,In stock
"Lowriders to the Center of the Earth (Lowriders in Space #2)",2,£51.51,In stock
"El Deafo",5,£57.62,In stock
"Batman: Europa",2,£32.01,In stock
"Art Ops Vol. 1",3,£48.80,In stock
"Adulthood Is a Myth: A "Sarah's Scribbles" Collection",2,£10.90,In stock
"Fruits Basket, Vol. 9 (Fruits Basket #9)",4,£33.95,In stock
"Roller Girl",5,£14.10,In stock
"Fruits Basket, Vol. 7 (Fruits Basket #7)",1,£19.57,In stock
"Fruits Basket, Vol. 6 (Fruits Basket #6)",4,£20.96,In stock
"Death Note, Vol. 6: Give-and-Take (Death Note #6)",3,£36.39,In stock
"Fruits Basket, Vol. 5 (Fruits Basket #5)",1,£16.33,In stock
"Death Note, Vol. 5: Whiteout (Death Note #5)",1,£52.41,In stock
"The Demon Prince of Momochi House, Vol. 4 (The Demon Prince of Momochi House #4)",2,£27.88,In stock
"Fruits Basket, Vol. 4 (Fruits Basket #4)",4,£50.44,In stock
"The Wicked + The Divine, Vol. 3: Commercial Suicide (The Wicked + The Divine)",3,£14.41,In stock
"The Sandman, Vol. 3: Dream Country (The Sandman (volumes) #3)",5,£55.55,In stock
"Saga, Volume 3 (Saga (Collected Editions) #3)",5,£21.57,In stock
"Prodigy: The Graphic Novel (Legend: The Graphic Novel #2)",3,£43.63,In stock
"Persepolis: The Story of a Childhood (Persepolis #1-2)",1,£39.13,In stock
"Original Fake",3,£31.45,In stock
"Grayson, Vol 3: Nemesis (Grayson #3)",1,£42.72,In stock
"Fruits Basket, Vol. 3 (Fruits Basket #3)",2,£45.17,In stock
"Black Butler, Vol. 1 (Black Butler #1)",1,£49.31,In stock
"Awkward",2,£38.02,In stock
"The Sandman, Vol. 2: The Doll's House (The Sandman (volumes) #2)",1,£54.81,In stock
"Saga, Volume 2 (Saga (Collected Editions) #2)",3,£11.75,In stock
"Fruits Basket, Vol. 2 (Fruits Basket #2)",5,£11.64,In stock
"Y: The Last Man, Vol. 1: Unmanned (Y: The Last Man #1)",4,£18.51,In stock
"The Wicked + The Divine, Vol. 1: The Faust Act (The Wicked + The Divine)",2,£36.52,In stock
"The Sandman, Vol. 1: Preludes and Nocturnes (The Sandman (volumes) #1)",3,£54.12,In stock
"The Complete Maus (Maus #1-2)",3,£10.64,In stock
"Skip Beat!, Vol. 01 (Skip Beat! #1)",3,£42.12,In stock
"Saga, Volume 1 (Saga (Collected Editions) #1)",1,£28.48,In stock
"Rat Queens, Vol. 1: Sass & Sorcery (Rat Queens (Collected Editions) #1-5)",5,£46.96,In stock
"Paper Girls, Vol. 1 (Paper Girls #1-5)",4,£21.71,In stock
"Ouran High School Host Club, Vol. 1 (Ouran High School Host Club #1)",3,£29.87,In stock
"Ms. Marvel, Vol. 1: No Normal (Ms. Marvel (2014-2015) #1)",4,£39.39,In stock
"Hawkeye, Vol. 1: My Life as a Weapon (Hawkeye #1)",3,£45.24,In stock
"Giant Days, Vol. 1 (Giant Days #1-4)",4,£56.76,In stock
"Fruits Basket, Vol. 1 (Fruits Basket #1)",5,£40.28,In stock
"Bleach, Vol. 1: Strawberry and the Soul Reapers (Bleach #1)",5,£34.65,In stock
"Ajin: Demi-Human, Volume 1 (Ajin: Demi-Human #1)",4,£57.06,In stock
"Wall and Piece",4,£44.18,In stock
"Feathers: Displays of Brilliant Plumage",3,£49.05,In stock
"Art and Fear: Observations on the Perils (and Rewards) of Artmaking",4,£48.63,In stock
"The New Drawing on the Right Side of the Brain",3,£43.02,In stock
"History of Beauty",4,£10.29,In stock
"The Story of Art",4,£41.14,In stock
"The Art Book",2,£32.34,In stock
"Ways of Seeing",5,£39.51,In stock
