"The Argonauts",2,£10.93,In stock
"M Train",1,£27.18,In stock
"Lab Girl",1,£40.85,In stock
"Approval Junkie: Adventures in Caring Too Much",5,£58.81,In stock
"Running with Scissors",4,£12.91,In stock
"Me Talk Pretty One Day",2,£57.60,In stock
"Lust & Wonder",2,£11.87,In stock
"Life Without a Recipe",5,£59.04,In stock
"A Heartbreaking Work of Staggering Genius",5,£54.29,In stock
"Louisa: The Extraordinary Life of Mrs. Adams",2,£16.85,In stock
"Setting the World on Fire: The Brief, Astonishing Life of St. Catherine of Siena",2,£21.15,In stock
"The Faith of Christopher Hitchens: The Restless Soul of the World's Most Notorious Atheist",1,£39.55,In stock
"Benjamin Franklin: An American Life",3,£48.19,In stock
"The Rise of Theodore Roosevelt (Theodore Roosevelt #1)",3,£42.57,In stock
