"Birdsong: A Story in Pictures",3,£54.64,In stock
"The Bear and the Piano",1,£36.89,In stock
"The Secret of Dreadwillow Carse",1,£56.13,In stock
"The White Cat and the Monk: A Retelling of the Poem “Pangur Bán”",4,£58.08,In stock
"Little Red",3,£13.47,In stock
"Walt Disney's Alice in Wonderland",5,£12.96,In stock
"Twenty Yawns",2,£22.08,In stock
"Rain Fish",3,£23.57,In stock
"Once Was a Time",2,£18.28,In stock
"Luis Paints the World",3,£53.95,In stock
"Nap-a-Roo",1,£25.08,In stock
"The Whale",4,£35.96,In stock
"Shrunken Treasures: Literary Classics, Short, Sweet, and Silly",3,£52.87,In stock
"Raymie Nightingale",2,£34.41,In stock
"Playing from the Heart",1,£32.38,In stock
"Maybe Something Beautiful: How Art Transformed a Neighborhood",1,£22.54,In stock
"The Wild Robot",3,£56.07,In stock
"The Thing About Jellyfish",1,£48.77,In stock
"The Lonely Ones",5,£43.59,In stock
"The Day the Crayons Came Home (Crayons)",5,£26.33,In stock
"The Cat in the Hat (Beginner Books B-1)",2,£16.26,In stock
"Red: The True Story of Red Riding Hood",3,£28.54,In stock
"Horrible Bear!",2,£37.52,In stock
"Green Eggs and Ham (Beginner Books B-16)",4,£10.79,In stock
"Counting Thyme",1,£10.62,In stock
"Are We There Yet?",3,£10.66,In stock
"Diary of a Minecraft Zombie Book 1: A Scare of a Dare (An Unofficial Minecraft Book)",4,£52.88,In stock
"Matilda",1,£28.34,In stock
"Charlie and the Chocolate Factory (Charlie Bucket #1)",3,£22.85,In stock
