"The Secret Garden",4,£15.08,In stock
"The Metamorphosis",1,£28.58,In stock
"The Pilgrim's Progress",2,£50.26,In stock
"The Hound of the Baskervilles (Sherlock Holmes #5)",2,£14.82,In stock
"Little Women (Little Women #1)",4,£28.07,In stock
"Gone with the Wind",3,£32.49,In stock
"Candide",3,£58.63,In stock
"Animal Farm",3,£57.22,In stock
"Wuthering Heights",3,£17.73,In stock
"The Picture of Dorian Gray",2,£29.70,In stock
"The Complete Stories and Poems (The Works of Edgar Allan Poe [Cameo Edition])",4,£26.78,In stock
"Beowulf",2,£38.35,In stock
"And Then There Were None",2,£35.01,In stock
"The Story of Hong Gildong",4,£43.19,In stock
"The Little Prince",2,£45.42,In stock
"Sense and Sensibility",1,£37.46,In stock
"Of Mice and Men",2,£47.11,In stock
"Emma",2,£32.93,In stock
"Alice in Wonderland (Alice's Adventures in Wonderland #1)",1,£55.53,In stock
