"The Coming Woman: A Novel Based on the Life of the Infamous Feminist, Victoria Woodhull",3,£17.93,In stock
"The Boys in the Boat: Nine Americans and Their Epic Quest for Gold at the 1936 Berlin Olympics",4,£22.60,In stock
"Starving Hearts (Triangular Trade Trilogy, #1)",2,£13.99,In stock
"America's Cradle of Quarterbacks: Western Pennsylvania's Football Factory from Johnny Unitas to Joe Montana",3,£22.50,In stock
"Aladdin and His Wonderful Lamp",3,£53.13,In stock
"Penny Maybe",3,£33.29,In stock
"Maude (1883-1993):She Grew Up with the country",2,£18.02,In stock
"The Inefficiency Assassin: Time Management Tactics for Working Smarter, Not Longer",5,£20.59,In stock
"Soul Reader",2,£39.58,In stock
"Bossypants",2,£49.46,In stock
"A World of Flavor: Your Gluten Free Passport",1,£42.95,In stock
"A Piece of Sky, a Grain of Rice: A Memoir in Four Meditations",5,£56.76,In stock
"Tracing Numbers on a Train",3,£41.60,In stock
"Thirteen Reasons Why",1,£52.72,In stock
"The Secret (The Secret #1)",4,£27.37,In stock
"The Psychopath Test: A Journey Through the Madness Industry",2,£36.00,In stock
"The Kite Runner",4,£41.82,In stock
"The Girl on the Train",2,£55.02,In stock
"The Emerald Mystery",2,£23.15,In stock
"The Bridge to Consciousness: I'm Writing the Bridge Between Science and Our Old and New Beliefs.",3,£32.00,In stock
"The Art of War",5,£33.34,In stock
"Secrets and Lace (Fatal Hearts #1)",1,£20.27,In stock
"Romero and Juliet: A Tragic Tale of Love and Zombies",1,£36.94,In stock
"Poses for Artists Volume 1 - Dynamic and Sitting Poses: An Essential Reference for Figure Drawing and the Human Form",1,£41.06,In stock
"Miss Peregrine’s Home for Peculiar Children (Miss Peregrine’s Peculiar Children #1)",1,£10.76,In stock
"Large Print Heart of the Pride",2,£19.15,In stock
"Grumbles",2,£22.16,In stock
"First Steps for New Christians (Print Edition)",1,£29.00,In stock
"Eureka Trivia 6.0",4,£54.59,In stock
"Drive: The Surprising Truth About What Motivates Us",4,£34.95,In stock
"Done Rubbed Out (Reightman & Bailey #1)",5,£37.72,In stock
"Beauty Restored (Riley Family Legacy Novellas #3)",2,£11.11,In stock
"Ayumi's Violin",2,£15.48,In stock
"Anonymous",4,£46.82,In stock
"Amy Meets the Saints and Sages",3,£18.46,In stock
"Amatus",5,£50.54,In stock
"V for Vendetta (V for Vendetta Complete)",4,£37.10,In stock
"Unbroken: A World War II Story of Survival, Resilience, and Redemption",2,£45.95,In stock
"The Wright Brothers",4,£56.80,In stock
"The Songs of the Gods",5,£44.48,In stock
"The Rosie Project (Don Tillman #1)",1,£54.04,In stock
"The Power of Habit: Why We Do What We Do in Life and Business",3,£16.88,In stock
"Steve Jobs",5,£39.50,In stock
"Luckiest Girl Alive",3,£49.83,In stock
"Living Leadership by Insight: A Good Leader Achieves, a Great Leader Builds Monuments",4,£46.91,In stock
"Lady Midnight (The Dark Artifices #1)",5,£16.28,In stock
"Hush, Hush (Hush, Hush #1)",3,£47.02,In stock
"Greek Mythic History",5,£10.23,In stock
"Every Last Word",3,£46.47,In stock
"Daily Fantasy Sports",1,£36.58,In stock
"Clockwork Angel (The Infernal Devices #1)",1,£44.14,In stock
"City of Fallen Angels (The Mortal Instruments #4)",4,£11.23,In stock
"City of Bones (The Mortal Instruments #1)",1,£43.28,In stock
"City of Ashes (The Mortal Instruments #2)",1,£47.27,In stock
"Carry On, Warrior: Thoughts on Life Unarmed",3,£31.85,In stock
"Carrie",2,£46.23,In stock
"Angels & Demons (Robert Langdon #1)",3,£51.48,In stock
"The Three Searches, Meaning, and the Story",3,£13.33,In stock
"Raspberry Pi Electronics Projects for the Evil Genius",4,£49.67,In stock
"How to Speak Golf: An Illustrated Guide to Links Lingo",5,£58.32,In stock
"Eleanor & Park",5,£56.51,In stock
"Troublemaker: Surviving Hollywood and Scientology",2,£48.39,In stock
"Adultery",5,£20.88,In stock
"Unlimited Intuition Now",4,£58.87,In stock
"Underlying Notes",2,£11.82,In stock
"The New Brand You: Your New Image Makes the Sale for You",5,£44.05,In stock
"The Flowers Lied",2,£16.68,In stock
"NaNo What Now? Finding your editing process, revising your NaNoWriMo book and building a writing career through publishing and beyond",4,£10.41,In stock
"Modern Day Fables",2,£47.44,In stock
"The Unlikely Pilgrimage of Harold Fry (Harold Fry #1)",5,£43.62,In stock
"The Martian (The Martian #1)",2,£41.39,In stock
"Left Behind (Left Behind #1)",2,£40.72,In stock
"John Vassos: Industrial Design for Modern Life",4,£20.22,In stock
"I'll Give You the Sun",1,£56.48,In stock
"Heaven is for Real: A Little Boy's Astounding Story of His Trip to Heaven and Back",2,£52.86,In stock
"Ender's Game (The Ender Quintet #1)",1,£43.64,In stock
"Death by Leisure: A Cautionary Tale",4,£37.51,In stock
"Wildlife of New York: A Five-Borough Coloring Book",2,£22.14,In stock
"The Year of Living Biblically: One Man's Humble Quest to Follow the Bible as Literally as Possible",1,£34.72,In stock
"The Great Gatsby",4,£36.05,In stock
"The Good Girl",3,£49.03,In stock
"The 7 Habits of Highly Effective People: Powerful Lessons in Personal Change",4,£33.17,In stock
"Steal Like an Artist: 10 Things Nobody Told You About Being Creative",2,£20.90,In stock
"Life of Pi",4,£13.22,In stock
"The Sound Of Love",5,£57.84,In stock
"The Perks of Being a Wallflower",3,£55.02,In stock
"The Makings of a Fatherless Child",2,£31.58,In stock
"The Hobbit (Middle-Earth Universe)",5,£17.80,In stock
"The Fellowship of the Ring (The Lord of the Rings #1)",2,£10.27,In stock
"Ship Leaves Harbor: Essays on Travel by a Recovering Journeyman",3,£30.60,In stock
"Musicophilia: Tales of Music and the Brain",1,£46.58,In stock
"What If?: Serious Scientific Answers to Absurd Hypothetical Questions",4,£53.68,In stock
"The Fault in Our Stars",1,£47.22,In stock
"The Dream Thieves (The Raven Cycle #2)",1,£34.50,In stock
"The 5th Wave (The 5th Wave #1)",2,£11.83,In stock
"Shiver (The Wolves of Mercy Falls #1)",5,£16.23,In stock
"Remember Me?",3,£11.48,In stock
"If I Stay (If I Stay #1)",5,£38.13,In stock
"I Know Why the Caged Bird Sings (Maya Angelou's Autobiography #1)",2,£36.55,In stock
"Harry Potter and the Deathly Hallows (Harry Potter #7)",1,£23.32,In stock
"Fool Me Once",1,£16.96,In stock
"Drama",2,£38.70,In stock
"Blue Lily, Lily Blue (The Raven Cycle #3)",5,£34.13,In stock
"Alight (The Generations Trilogy #2)",4,£58.59,In stock
"Vogue Colors A to Z: A Fashion Coloring Book",4,£52.35,In stock
"The Shining (The Shining #1)",3,£27.88,In stock
"The Hunger Games (The Hunger Games #1)",5,£29.85,In stock
"Outlander (Outlander #1)",5,£19.67,In stock
"Mockingjay (The Hunger Games #3)",4,£20.44,In stock
"Harry Potter and the Sorcerer's Stone (Harry Potter #1)",3,£13.90,In stock
"Confessions of a Shopaholic (Shopaholic #1)",2,£48.94,In stock
"Zero History (Blue Ant #3)",1,£34.77,In stock
"World War Z: An Oral History of the Zombie War",1,£21.80,In stock
"Wild: From Lost to Found on the Pacific Crest Trail",3,£46.02,In stock
"Where'd You Go, Bernadette",1,£18.13,In stock
"Twilight (Twilight #1)",2,£41.93,In stock
"The Paris Wife",3,£36.80,In stock
"The Maze Runner (The Maze Runner #1)",1,£20.93,In stock
"The Lover's Dictionary",2,£58.09,In stock
"The Goldfinch",3,£43.58,In stock
"The Giver (The Giver Quartet #1)",1,£12.30,In stock
"The Girl Who Played with Fire (Millennium Trilogy #2)",2,£22.14,In stock
"The Demon-Haunted World: Science as a Candle in the Dark",4,£52.25,In stock
"The Book Thief",2,£53.49,In stock
"The Autobiography of Malcolm X",2,£23.43,In stock
"Shopaholic & Baby (Shopaholic #5)",2,£46.45,In stock
"Quiet: The Power of Introverts in a World That Can't Stop Talking",1,£43.55,In stock
"Packing for Mars: The Curious Science of Life in the Void",2,£56.68,In stock
"Orange Is the New Black",2,£24.61,In stock
"One for the Money (Stephanie Plum #1)",2,£32.87,In stock
"Morning Star (Red Rising #3)",1,£29.40,In stock
"Life After Life",2,£26.13,In stock
"Lean In: Women, Work, and the Will to Lead",1,£25.02,In stock
"Is Everyone Hanging Out Without Me? (And Other Concerns)",3,£20.11,In stock
"Gone Girl",5,£37.60,In stock
"Fellside",1,£38.62,In stock
"Eclipse (Twilight #3)",1,£18.74,In stock
"Dracula",3,£52.62,In stock
"Dead Wake: The Last Crossing of the Lusitania",5,£39.24,In stock
"David and Goliath: Underdogs, Misfits, and the Art of Battling Giants",1,£17.81,In stock
"Dark Places",5,£23.90,In stock
"Breaking Dawn (Twilight #4)",5,£35.28,In stock
"Beautiful Creatures (Caster Chronicles #1)",5,£21.55,In stock
"A Visit from the Goon Squad",5,£14.08,In stock
"The Zombie Room",5,£19.69,In stock
"The Name of the Wind (The Kingkiller Chronicle #1)",3,£50.59,In stock
"Taking Shots (Assassins #1)",2,£18.88,In stock
"Shatter Me (Shatter Me #1)",1,£42.40,In stock
"Paradise Lost (Paradise #1)",1,£24.96,In stock
"On the Road (Duluoz Legend)",3,£32.36,In stock
"Jane Eyre",5,£38.43,In stock
"Frankenstein",2,£38.00,In stock
