"Unicorn Tracks",3,£18.78,In stock
"Saga, Volume 6 (Saga (Collected Editions) #6)",3,£25.02,In stock
"Princess Between Worlds (Wide-Awake Princess #5)",5,£13.34,In stock
"Masks and Shadows",2,£56.40,In stock
"Crown of Midnight (Throne of Glass #2)",3,£43.29,In stock
"Avatar: The Last Airbender: Smoke and Shadow, Part 3 (Smoke and Shadow #3)",2,£28.09,In stock
"A Court of Thorns and Roses (A Court of Thorns and Roses #1)",1,£52.37,In stock
"Throne of Glass (Throne of Glass #1)",3,£35.07,In stock
"The Glittering Court (The Glittering Court #1)",1,£44.28,In stock
"Hollow City (Miss Peregrine’s Peculiar Children #2)",1,£42.98,In stock
"The Star-Touched Queen",5,£46.02,In stock
"The Hidden Oracle (The Trials of Apollo #1)",2,£52.26,In stock
"The Bane Chronicles (The Bane Chronicles #1-11)",4,£44.73,In stock
"Island of Dragons (Unwanteds #7)",1,£29.65,In stock
"Demigods & Magicians: Percy and Annabeth Meet the Kanes (Percy Jackson & Kane Chronicles Crossover #1-3)",5,£37.51,In stock
"City of Glass (The Mortal Instruments #3)",4,£56.02,In stock
"Searching for Meaning in Gailana",1,£38.73,In stock
"The Star-Touched Queen",5,£32.30,In stock
"A Shard of Ice (The Black Symphony Saga #1)",3,£56.63,In stock
"King's Folly (The Kinsman Chronicles #1)",5,£39.61,In stock
"Every Heart a Doorway (Every Heart A Doorway #1)",5,£12.16,In stock
"A Gathering of Shadows (Shades of Magic #2)",4,£44.81,In stock
"The Raven Boys (The Raven Cycle #1)",4,£57.74,In stock
"The False Prince (The Ascendance Trilogy #1)",5,£56.00,In stock
"Tell the Wind and Fire",3,£45.51,In stock
"A Feast for Crows (A Song of Ice and Fire #4)",4,£17.21,In stock
"The Demonists (Demonist #1)",2,£52.11,In stock
"The Beast (Black Dagger Brotherhood #14)",5,£46.08,In stock
"Paper and Fire (The Great Library #2)",5,£49.45,In stock
"Harry Potter and the Order of the Phoenix (Harry Potter #5)",4,£31.63,In stock
"Harry Potter and the Half-Blood Prince (Harry Potter #6)",5,£48.75,In stock
"Harry Potter and the Chamber of Secrets (Harry Potter #2)",1,£14.74,In stock
"The Rose & the Dagger (The Wrath and the Dawn #2)",4,£58.64,In stock
"Soldier (Talon #3)",2,£24.72,In stock
"Midnight Riot (Peter Grant/ Rivers of London - books #1)",2,£55.46,In stock
"Heir to the Sky",4,£44.07,In stock
"Eragon (The Inheritance Cycle #1)",3,£43.87,In stock
"Darkfever (Fever #1)",1,£56.02,In stock
"Ash",4,£22.06,In stock
"A Storm of Swords (A Song of Ice and Fire #3)",2,£31.22,In stock
"Vampire Girl (Vampire Girl #1)",2,£53.82,In stock
"The Silent Twin (Detective Jennifer Knight #3)",3,£36.25,In stock
"The Mirror & the Maze (The Wrath and the Dawn #1.5)",1,£29.38,In stock
"Sister Sable (The Mad Queen #1)",3,£13.33,In stock
"Shadow Rites (Jane Yellowrock #10)",4,£21.72,In stock
"Origins (Alphas 0.5)",1,£28.99,In stock
"One Second (Seven #7)",2,£52.94,In stock
"Myriad (Prentor #1)",4,£58.75,In stock
