"Foolproof Preserving: A Guide to Small Batch Jams, Jellies, Pickles, Condiments, and More: A Foolproof Guide to Making Small Batch Jams, Jellies, Pickles, Condiments, and More",3,£30.52,In stock
"The Pioneer Woman Cooks: Dinnertime: Comfort Classics, Freezer Food, 16-Minute Meals, and Other Delicious Ways to Solve Supper!",1,£56.41,In stock
"My Paris Kitchen: Recipes and Stories",2,£33.37,In stock
"Mama Tried: Traditional Italian Cooking for the Screwed, Crude, Vegan, and Tattooed",4,£14.02,In stock
"Layered: Baking, Building, and Styling Spectacular Cakes",1,£40.11,In stock
"The Nerdy Nummies Cookbook: Sweet Treats for the Geek in All of Us",5,£37.34,In stock
"The Love and Lemons Cookbook: An Apple-to-Zucchini Celebration of Impromptu Cooking",2,£37.60,In stock
"The Cookies & Cups Cookbook: 125+ sweet & savory recipes reminding you to Always Eat Dessert First",1,£41.25,In stock
"Deliciously Ella Every Day: Quick and Easy Recipes for Gluten-Free Snacks, Packed Lunches, and Simple Meals",3,£42.16,In stock
"The Help Yourself Cookbook for Kids: 60 Easy Plant-Based Recipes Kids Can Make to Stay Healthy and Save the Earth",3,£28.77,In stock
"It's All Easy: Healthy, Delicious Weeknight Meals in under 30 Minutes",1,£19.55,In stock
"Barefoot Contessa Back to Basics",1,£28.01,In stock
"Barefoot Contessa at Home: Everyday Recipes You'll Make Over and Over Again",5,£50.62,In stock
"My Kitchen Year: 136 Recipes That Saved My Life",2,£11.53,In stock
"Everyday Italian: 125 Simple and Delicious Recipes",5,£20.10,In stock
"A la Mode: 120 Recipes in 60 Pairings: Pies, Tarts, Cakes, Crisps, and More Topped with Ice Cream, Gelato, Frozen Custard, and More",1,£38.77,In stock
"Cravings: Recipes for What You Want to Eat",3,£20.50,In stock
"The Moosewood Cookbook: Recipes from Moosewood Restaurant, Ithaca, New York",4,£12.34,In stock
"32 Yolks",2,£53.63,In stock
"Naturally Lean: 125 Nourishing Gluten-Free, Plant-Based Recipes--All Under 300 Calories",5,£11.38,In stock
"How to Cook Everything Vegetarian: Simple Meatless Recipes for Great Food (How to Cook Everything)",4,£46.01,In stock
"How to Be a Domestic Goddess: Baking and the Art of Comfort Cooking",2,£28.25,In stock
"The Barefoot Contessa Cookbook",5,£59.92,In stock
"Better Homes and Gardens New Cook Book",3,£39.61,In stock
"The Power Greens Cookbook: 140 Delicious Superfood Recipes",5,£11.05,In stock
"Mexican Today: New and Rediscovered Recipes for Contemporary Kitchens",5,£24.91,In stock
"Vegan Vegetarian Omnivore: Dinner for Everyone at the Table",2,£13.66,In stock
"The Smitten Kitchen Cookbook",1,£23.59,In stock
"The Art of Simple Food: Notes, Lessons, and Recipes from a Delicious Revolution",3,£34.32,In stock
"Hungry Girl Clean & Hungry: Easy All-Natural Recipes for Healthy Eating in the Real World",3,£33.14,In stock
