"A Light in the Attic",3,£51.77,In stock
"The Black Maria",1,£52.15,In stock
"Shakespeare's Sonnets",4,£20.66,In stock
"Olio",1,£23.88,In stock
"You can't bury them all: Poems",2,£33.63,In stock
"Slow States of Collapse: Poems",3,£57.31,In stock
"Untitled Collection: Sabbath Poems 2014",4,£14.27,In stock
"Poems That Make Grown Women Cry",4,£14.19,In stock
"Night Sky with Exit Wounds",1,£41.05,In stock
"salt.",4,£46.78,In stock
"Quarter Life Poetry: Poems for the Young, Broke and Hangry",5,£50.89,In stock
"Out of Print: City Lights Spotlight No. 14",5,£53.64,In stock
"Les Fleurs du Mal",5,£29.04,In stock
"Howl and Other Poems",2,£40.45,In stock
"Leave This Song Behind: Teen Poetry at Its Best",5,£51.17,In stock
"The Collected Poems of W.B. Yeats (The Collected Works of W.B. Yeats #1)",5,£15.42,In stock
"The Crossover",4,£38.77,In stock
"Booked",5,£17.49,In stock
"Twenty Love Poems and a Song of Despair",4,£30.95,In stock
