"Chase Me (Paris Nights #2)",5,£25.27,In stock
"Black Dust",5,£34.53,In stock
"Her Backup Boyfriend (The Sorensen Family #1)",1,£33.97,In stock
"First and First (Five Boroughs #3)",4,£15.97,In stock
"Fifty Shades Darker (Fifty Shades #2)",1,£21.96,In stock
"The Wedding Dress",1,£24.12,In stock
"Suddenly in Love (Lake Haven #1)",2,£55.99,In stock
"Something More Than This",4,£16.24,In stock
"Doing It Over (Most Likely To #1)",3,£35.61,In stock
"The Wedding Pact (The O'Malleys #2)",3,£32.61,In stock
"Hold Your Breath (Search and Rescue #1)",1,£28.82,In stock
"Dirty (Dive Bar #1)",4,£40.83,In stock
"Take Me Home Tonight (Rock Star Romance #3)",3,£53.98,In stock
"Off the Hook (Fishing for Trouble #1)",3,£47.67,In stock
"A Gentleman's Position (Society of Gentlemen #3)",5,£14.75,In stock
"Sit, Stay, Love",3,£20.90,In stock
"A Girl's Guide to Moving On (New Beginnings #2)",1,£31.30,In stock
"The Perfect Play (Play by Play #1)",3,£59.99,In stock
"Dark Lover (Black Dagger Brotherhood #1)",1,£12.87,In stock
"Changing the Game (Play by Play #2)",3,£13.38,In stock
"A Walk to Remember",1,£56.43,In stock
"The Purest Hook (Second Circle Tattoos #3)",1,£12.25,In stock
"The Obsession",1,£45.43,In stock
"Reservations for Two",3,£11.10,In stock
"Best of My Love (Fool's Gold #20)",2,£27.41,In stock
"Where Lightning Strikes (Bleeding Stars #3)",3,£39.77,In stock
"This One Moment (Pushing Limits #1)",1,£48.71,In stock
"Rhythm, Chord & Malykhin",2,£28.34,In stock
"My Perfect Mistake (Over the Top #1)",2,£38.92,In stock
"Listen to Me (Fusion #1)",3,£58.99,In stock
"Imperfect Harmony",4,£34.74,In stock
"Fighting Fate (Fighting #6)",3,£39.24,In stock
"Deep Under (Walker Security #1)",5,£47.09,In stock
"Charity's Cross (Charles Towne Belles #4)",1,£41.24,In stock
"Bounty (Colorado Mountain #7)",4,£37.26,In stock
