"The Requiem Red",1,£22.65,In stock
"Set Me Free",5,£17.46,In stock
"The Natural History of Us (The Fine Art of Pretending #2)",3,£45.22,In stock
"Obsidian (Lux #1)",2,£14.86,In stock
"Burning",3,£28.81,In stock
"A Fierce and Subtle Poison",4,£28.13,In stock
"Scarlett Epstein Hates It Here",5,£43.55,In stock
"Nightingale, Sing",1,£38.28,In stock
"Library of Souls (Miss Peregrine’s Peculiar Children #3)",5,£48.56,In stock
"Frostbite (Vampire Academy #2)",5,£29.99,In stock
"Wild Swans",2,£14.36,In stock
"Until Friday Night (The Field Party #1)",2,£46.31,In stock
"This Is Where It Ends",2,£27.12,In stock
"The Darkest Lie",5,£35.35,In stock
"My Kind of Crazy",1,£40.36,In stock
"Don't Get Caught",1,£55.35,In stock
"Catching Jordan (Hundred Oaks)",3,£50.83,In stock
"Aristotle and Dante Discover the Secrets of the Universe (Aristotle and Dante Discover the Secrets of the Universe #1)",4,£58.14,In stock
"The Epidemic (The Program 0.6)",5,£14.44,In stock
"Stars Above (The Lunar Chronicles #4.5)",2,£48.05,In stock
"No Love Allowed (Dodge Cove #1)",4,£54.65,In stock
"Exit, Pursued by a Bear",4,£51.34,In stock
"The Alien Club",1,£54.40,In stock
"Don't Forget Steven",1,£33.23,In stock
"South of Sunshine",1,£28.93,In stock
"My Life Next Door (My Life Next Door )",5,£36.39,In stock
"Future Shock (Future Shock #1)",5,£55.65,In stock
"Nightstruck: A Novel",4,£50.35,In stock
"Tell the Wolves I'm Home",2,£50.96,In stock
"Will Grayson, Will Grayson (Will Grayson, Will Grayson)",4,£47.31,In stock
"Where She Went (If I Stay #2)",4,£41.73,In stock
"Two Summers",1,£14.64,In stock
"The Darkest Corners",5,£11.33,In stock
"Tell Me Three Things",1,£41.81,In stock
"Lola and the Boy Next Door (Anna and the French Kiss #2)",4,£23.63,In stock
"Kill the Boy Band",5,£15.52,In stock
"Isla and the Happily Ever After (Anna and the French Kiss #3)",5,£48.13,In stock
"An Abundance of Katherines",5,£10.00,In stock
"Harry Potter and the Prisoner of Azkaban (Harry Potter #3)",4,£24.17,In stock
"Walk the Edge (Thunder Road #2)",3,£32.36,In stock
"Two Boys Kissing",2,£32.74,In stock
"The New Guy (and Other Senior Year Distractions)",3,£44.92,In stock
"The Land of 10,000 Madonnas",4,£29.64,In stock
"Scarlet (The Lunar Chronicles #2)",4,£14.57,In stock
"Legend (Legend #1)",4,£43.69,In stock
"Lady Renegades (Rebel Belle #3)",5,£53.04,In stock
"Golden (Heart of Dread #3)",4,£42.21,In stock
"Cinder (The Lunar Chronicles #1)",1,£26.09,In stock
"Boy Meets Boy",3,£21.12,In stock
"Annie on My Mind",5,£36.83,In stock
"New Moon (Twilight #2)",4,£12.86,In stock
"Girl Online On Tour (Girl Online #2)",1,£53.47,In stock
"The Haters",5,£27.89,In stock
"The Art of Not Breathing",4,£40.83,In stock
